companyname,firstname,lastname,email,address,city
Ultricies PC,Allen,Byers,tortor.Integer@lacinia.edu,"927-3803 Elit, St.",Patos
Mollis Industries,Derek,Anthony,arcu.Vestibulum@molestiearcuSed.net,7690 Quam Ave,Montigny-le-Tilleul
Tempor Arcu Vestibulum Consulting,Jackson,Booth,id@auctorvitae.edu,Ap #978-9893 Dis St.,Bettiah
Commodo Consulting,Leroy,Lester,odio@et.ca,837-8489 Dolor. Av.,Toba Tek Singh
Proin Vel Arcu LLC,Wing,Wells,auctor.vitae@ullamcorper.ca,418-2366 Egestas Street,Yellowhead County
Porttitor Corporation,Griffith,Knowles,dictum@erat.co.uk,"P.O. Box 524, 9188 Et Rd.",Picinisco
Ligula Aenean Corp.,Macon,Alvarez,quam.vel.sapien@scelerisque.co.uk,9943 Libero St.,Bouge
Nam Interdum Enim Incorporated,Magee,Harrison,pulvinar.arcu.et@habitantmorbi.edu,Ap #778-8605 Donec St.,San José de Alajuela
In Aliquet Lobortis LLC,Caesar,Fleming,ante.blandit.viverra@temporaugueac.org,796-7142 Ligula St.,Price
Lacinia Mattis Integer Associates,Luke,Graves,enim@rutrumlorem.com,256-1241 Gravida St.,Bala
Pellentesque Eget Ltd,Ferdinand,Miranda,ac.fermentum@porttitor.com,"P.O. Box 323, 7583 Ultricies Road",Rance
Adipiscing Elit Institute,Forrest,Gregory,tempus@Praesent.co.uk,331-9649 Mus. Ave,Dublin
Curabitur Industries,Nero,Sherman,lobortis@euismodin.org,7615 Aliquet Ave,Faisalabad
Ut Sagittis LLC,Cooper,Stokes,egestas.a@enimEtiam.co.uk,794-2815 Risus. Ave,Smoky Lake
Ut Sem LLP,Aristotle,Jensen,mus.Donec.dignissim@adipiscing.org,914-7541 Euismod Avenue,Warren
Euismod Corporation,Kermit,Saunders,sit.amet.orci@fames.edu,216-5752 Molestie Street,Merksplas
At Arcu Vestibulum Corporation,Francis,Zimmerman,eu.eros.Nam@maurisut.co.uk,"P.O. Box 401, 3714 Nonummy Rd.",Bryansk
At Libero Institute,Ferris,Adams,non.sollicitudin@leoVivamus.com,5470 Ac Rd.,Huara
Mollis Institute,Thor,Franco,nisi.dictum@sed.org,Ap #700-8124 Cursus St.,Ayr
Eget Nisi Dictum Limited,Fitzgerald,Pearson,parturient.montes@lectusNullamsuscipit.ca,835-4721 Cursus. Rd.,Ponsacco
Orci Quis LLP,Caesar,Valenzuela,orci@molestie.net,"P.O. Box 340, 1150 Integer Av.",Zeist
Vulputate Mauris Sagittis LLP,Dean,Myers,tellus@justo.ca,8684 Dui. Av.,Jefferson City
Faucibus Leo In Institute,Marvin,Kirk,varius@eu.net,Ap #607-2135 In Ave,Pocatello
Phasellus Elit Pede Company,Jerome,Pickett,dictum@etrutrumnon.edu,"P.O. Box 979, 7539 Massa. Ave",Booischot
Morbi Non Sapien Associates,Hector,Porter,a.dui.Cras@arcuVestibulumante.ca,710-600 Aliquet Rd.,Silvan
Ornare Consulting,Nero,Blankenship,pellentesque.a.facilisis@amet.net,Ap #688-2570 Orci Ave,Malahide
Dictum Sapien Aenean Industries,Moses,Whitaker,Nunc.ullamcorper.velit@magnaUt.net,683 Augue. Av.,Ronciglione
Interdum Corp.,Walter,Higgins,quam.vel.sapien@ornarefacilisiseget.org,754-3433 Dolor. Rd.,Camaçari
Semper Pretium Corp.,Drake,Jefferson,et.arcu.imperdiet@acfeugiat.org,143-3513 Sem Road,Mainz
Tristique Senectus Consulting,Richard,Albert,malesuada.malesuada@Sedcongueelit.org,8148 Nibh St.,Salisbury
Sed Inc.,Alan,Dickson,nec.ante@faucibus.ca,124-6676 Etiam St.,Bairnsdale
Non Bibendum Sed Industries,Samuel,Hatfield,venenatis@nec.ca,Ap #703-5511 Diam Avenue,Baarle-Hertog
Scelerisque Mollis Phasellus Industries,Keaton,Hampton,Quisque.purus@estvitae.co.uk,Ap #902-2050 Nisi. St.,Mysore
Leo In Lobortis Company,Mufutau,Bright,ac.mi.eleifend@nibhvulputatemauris.ca,1329 Mollis Rd.,Hanret
Eros Proin Limited,Evan,Buckley,risus.In@elementumloremut.co.uk,"120-6388 Placerat, Avenue",Saltara
Orci Sem Foundation,Ross,Clayton,porttitor.tellus@aliquet.org,"P.O. Box 152, 2252 Massa. Av.",Bodmin
Urna Nullam Lobortis Foundation,Armando,Wall,convallis@Aeneanegestas.com,483-6105 Sit St.,Hindupur
Suspendisse Sed Corporation,Bert,Wells,Suspendisse.commodo@nec.net,"Ap #767-815 Vel, Rd.",Grangemouth
Eu Lacus Quisque Inc.,Forrest,Marquez,Duis.mi.enim@non.com,594-8390 Aliquam Street,Louisville
Neque Non Quam LLP,Price,Cotton,Aliquam@elementumdui.ca,828-3846 Diam Av.,Ollagüe
Ut Sagittis Institute,Howard,Greene,egestas.urna@idblandit.net,8275 Quisque Rd.,Puno
Integer Mollis Integer Associates,Simon,Mclean,lacus@acturpisegestas.com,"P.O. Box 178, 6909 Blandit St.",Motueka
Fringilla Purus Limited,Phillip,Bishop,enim.Sed@Proindolor.com,304-1367 Magna. Av.,Kharan
Tellus Suspendisse Incorporated,Raymond,Riddle,In.mi.pede@malesuadaut.edu,"P.O. Box 320, 2260 Congue Street",Khandwa
Erat Vivamus Nisi Industries,Fletcher,Newton,sem.mollis@suscipit.org,"Ap #671-9075 Mi, St.",Judenburg
Id Blandit At Incorporated,Daniel,Maynard,lacinia@etnetus.ca,722-3830 Lacus. Rd.,San José del Guaviare
At PC,Lyle,Burton,et.magnis@Proinvelnisl.org,Ap #735-5858 Est St.,Guarulhos
Varius Inc.,Timothy,Erickson,Etiam.gravida.molestie@erat.ca,Ap #776-8528 Venenatis St.,Soacha
Aliquet LLP,Dante,Huff,amet.consectetuer.adipiscing@arcu.org,Ap #788-1801 Ipsum Rd.,Tarzo
Sit Amet Associates,Jermaine,Rowe,in.cursus.et@varius.edu,740-2849 Diam Ave,Gander
Orci Luctus Et LLC,Leroy,Trujillo,mauris@urnaVivamusmolestie.co.uk,872 Ac St.,Bousval
Lobortis Industries,Brock,Wade,eget.metus.eu@pretiumet.com,338-2129 Ultrices Rd.,Llandovery
Nibh Donec Foundation,Dieter,Guerrero,Donec@velit.com,"P.O. Box 801, 320 Cum Ave",Gore
Curabitur Massa Incorporated,Giacomo,Sutton,sit@diamSeddiam.edu,7233 Massa. Ave,Martelange
Ut Ltd,Scott,Frederick,quis.arcu@adipiscing.org,"P.O. Box 631, 945 Donec Av.",Silvassa
Lorem Eu Metus Incorporated,Malik,Franklin,Cras.eu.tellus@egestas.ca,Ap #578-4423 Sit Av.,Erlangen
Dictum Industries,Omar,Silva,Aenean.sed.pede@tellusjusto.org,3255 Mauris Ave,Noisy-le-Grand
Nunc Ullamcorper Consulting,Cadman,Kennedy,iaculis.enim@consequat.co.uk,"P.O. Box 767, 628 Vel, Av.",Lytkarino
Dolor Elit Associates,Orson,Bowman,elit@antedictum.co.uk,Ap #178-1524 Ultrices Street,Gallodoro
Mauris A Nunc Incorporated,Jared,Dale,nec.tempus@vitaeeratvel.co.uk,"P.O. Box 177, 6250 Velit Street",Oranienburg
Eu Turpis Nulla Incorporated,Brian,Owen,feugiat.Sed.nec@Donecfeugiatmetus.ca,"3563 Vitae, Rd.",San Pedro de Atacama
Eu Augue Porttitor Ltd,Craig,Brady,vestibulum.neque@sedliberoProin.org,Ap #738-1042 Sed Avenue,Overland Park
Proin Nisl Company,Berk,Jordan,aliquet.magna@massaQuisqueporttitor.org,Ap #513-7229 Donec St.,Limal
Proin Company,Holmes,Washington,velit.Pellentesque.ultricies@Phasellusliberomauris.net,Ap #875-1119 Interdum. Ave,Gaithersburg
Augue Eu PC,Kennan,Beach,ornare.elit.elit@vitaevelitegestas.co.uk,"P.O. Box 180, 7387 Lorem Rd.",Bloomington
Arcu Limited,Otto,Holden,blandit@eget.co.uk,183-8550 Eget Street,Copiapó
Consequat Nec Mollis LLC,Dexter,Macias,Mauris@fringillaornare.co.uk,931-4312 Posuere Road,Macclesfield
Posuere Vulputate Lacus Institute,Kareem,Kaufman,Pellentesque.habitant@congue.org,331-6850 Turpis Avenue,Neusiedl am See
Nunc Associates,Cooper,Woodard,lacus@consequat.com,Ap #833-8553 Nam Street,Kakisa
Dui Cras Pellentesque Limited,Plato,Gibbs,eleifend.Cras.sed@malesuada.co.uk,853-6247 Nonummy St.,Yorkton
Ipsum LLP,Carlos,Horne,Donec.porttitor@ProindolorNulla.net,"P.O. Box 361, 6249 Libero. Av.",San Miguel
Cum Corporation,Brian,Newton,Fusce.dolor.quam@ametmetusAliquam.edu,457-8810 Justo. Road,Serralunga d'Alba
Lobortis Tellus Justo Industries,Quinn,Pate,aliquet@varius.ca,"Ap #131-6013 Auctor, Rd.",Amravati
Vitae Dolor Donec Corporation,Slade,Talley,venenatis.a@Donec.org,478 Sagittis. St.,Casper
Porttitor Tellus Non Incorporated,Armand,Franco,Nam@mauris.co.uk,Ap #682-2065 Sollicitudin Avenue,Sant'Elpidio a Mare
At Risus Nunc Limited,Ivor,Wilcox,nunc@magna.ca,"P.O. Box 658, 4977 Nec, St.",Modakeke
Pellentesque A Industries,Elijah,Hyde,dui.Fusce@ullamcorperviverra.net,340-7650 Nulla. Rd.,Orbais
Eget Nisi Consulting,Dalton,Page,Integer.mollis.Integer@pedeet.com,Ap #907-1321 Nec St.,100 Mile House
In Faucibus Orci Corp.,Mannix,Hoover,nunc.risus.varius@arcu.ca,"P.O. Box 563, 5343 Donec Rd.",Cabano
Mi Fringilla Limited,Oren,Stout,Vivamus.nisi@odiosagittissemper.edu,1932 Ornare St.,Schweinfurt
Non Massa Non Corp.,Oliver,Wise,pharetra@nequesed.com,"2805 Felis, Ave",Harlingen
Sit Amet Risus Foundation,Joseph,Clayton,ut.pellentesque.eget@cursus.org,Ap #637-1938 Proin St.,Boryeong
Quisque Purus Sapien LLP,Judah,Henderson,Aliquam.ultrices.iaculis@Donec.net,2010 Ipsum Avenue,Hull
Ut Ltd,Mannix,Ross,in.consequat@in.org,Ap #826-2232 Sem Rd.,Wibrin
Quis Consulting,Drew,Edwards,luctus.ut.pellentesque@Donec.ca,"P.O. Box 243, 7164 Sed Street",Ingooigem
Orci Foundation,Hoyt,Warren,id.ante.Nunc@dolordapibusgravida.ca,Ap #675-1689 Purus Avenue,San Vicente
Odio A Associates,Avram,Sosa,penatibus.et.magnis@cursusNunc.co.uk,2753 Adipiscing Av.,Agra
Tempor Diam Inc.,Salvador,Craig,Nam.interdum@eget.com,"P.O. Box 734, 8778 Blandit Street",Promo-Control
Vitae Aliquam Eros LLP,Matthew,Guy,Proin.ultrices.Duis@hymenaeosMaurisut.ca,5122 Faucibus Rd.,Shaftesbury
Amet Ultricies LLC,Noble,Jordan,aptent.taciti@nequeNullamut.net,4273 Sed Avenue,Zeveneken
Non Incorporated,Carter,Harrington,tellus@Pellentesque.co.uk,Ap #536-6883 Nonummy Road,Hearst
Ligula Eu Enim Inc.,Omar,Hamilton,odio.a.purus@feugiat.net,4017 Euismod Rd.,Argyle
Rhoncus Donec Company,Clarke,Blankenship,ut@pede.org,"P.O. Box 677, 7497 Penatibus Rd.",Pictou
A Felis PC,Cooper,Sanchez,velit.Cras.lorem@Duis.ca,"P.O. Box 364, 4863 Libero. St.",Bhilwara
Vitae Sodales Institute,Robert,Beard,nec.eleifend.non@ac.ca,1130 Malesuada Rd.,Senneville
Curabitur Sed Tortor LLC,Zachary,Edwards,malesuada.fames@iaculis.ca,Ap #154-6091 Sit Ave,Saint-Servais
Curabitur Dictum Associates,Gavin,Webster,enim.commodo@tacitisociosqu.org,559-3339 Sed Avenue,Puri
Semper Cursus Company,Jameson,Bruce,dignissim.lacus.Aliquam@mauris.org,1963 Auctor Av.,Peterhead
Aliquam Eros Turpis Ltd,Lucas,Mclaughlin,dictum.sapien.Aenean@eratvel.edu,1826 Ac Ave,HomprŽ
Egestas Incorporated,Brett,Cunningham,Phasellus.libero.mauris@ut.ca,"P.O. Box 224, 2196 Viverra. St.",Attimis