companyname,firstname,lastname,email,address,city, test
Ultricies PC,Allen,Byers,tortor.Integer@lacinia.edu,"927-3803 Elit, St.",Patos, test
Mollis Industries,Derek,Anthony,arcu.Vestibulum@molestiearcuSed.net,7690 Quam Ave,Montigny-le-Tilleul, test
Tempor Arcu Vestibulum Consulting,Jackson,Booth,id@auctorvitae.edu,Ap #978-9893 Dis St.,Bettiah, test
Commodo Consulting,Leroy,Lester,odio@et.ca,837-8489 Dolor. Av.,Toba Tek Singh, test
Proin Vel Arcu LLC,Wing,Wells,auctor.vitae@ullamcorper.ca,418-2366 Egestas Street,Yellowhead County, test
Porttitor Corporation,Griffith,Knowles,dictum@erat.co.uk,"P.O. Box 524, 9188 Et Rd.",Picinisco, test
Ligula Aenean Corp.,Macon,Alvarez,quam.vel.sapien@scelerisque.co.uk,9943 Libero St.,Bouge, test
Nam Interdum Enim Incorporated,Magee,Harrison,pulvinar.arcu.et@habitantmorbi.edu,Ap #778-8605 Donec St.,San José de Alajuela, test
In Aliquet Lobortis LLC,Caesar,Fleming,ante.blandit.viverra@temporaugueac.org,796-7142 Ligula St.,Price, test
Lacinia Mattis Integer Associates,Luke,Graves,enim@rutrumlorem.com,256-1241 Gravida St.,Bala, test
Pellentesque Eget Ltd,Ferdinand,Miranda,ac.fermentum@porttitor.com,"P.O. Box 323, 7583 Ultricies Road",Rance, test
Dictum Industries,Omar,Silva,Aenean.sed.pede@tellusjusto.org,3255 Mauris Ave,Noisy-le-Grand, test
Nunc Ullamcorper Consulting,Cadman,Kennedy,iaculis.enim@consequat.co.uk,"P.O. Box 767, 628 Vel, Av.",Lytkarino, test
Dolor Elit Associates,Orson,Bowman,elit@antedictum.co.uk,Ap #178-1524 Ultrices Street,Gallodoro, test
Mauris A Nunc Incorporated,Jared,Dale,nec.tempus@vitaeeratvel.co.uk,"P.O. Box 177, 6250 Velit Street",Oranienburg, test
Eu Turpis Nulla Incorporated,Brian,Owen,feugiat.Sed.nec@Donecfeugiatmetus.ca,"3563 Vitae, Rd.",San Pedro de Atacama, test
Eu Augue Porttitor Ltd,Craig,Brady,vestibulum.neque@sedliberoProin.org,Ap #738-1042 Sed Avenue,Overland Park, test
Proin Nisl Company,Berk,Jordan,aliquet.magna@massaQuisqueporttitor.org,Ap #513-7229 Donec St.,Limal, test
Proin Company,Holmes,Washington,velit.Pellentesque.ultricies@Phasellusliberomauris.net,Ap #875-1119 Interdum. Ave,Gaithersburg, test
Augue Eu PC,Kennan,Beach,ornare.elit.elit@vitaevelitegestas.co.uk,"P.O. Box 180, 7387 Lorem Rd.",Bloomington, test
Arcu Limited,Otto,Holden,blandit@eget.co.uk,183-8550 Eget Street,Copiapó, test
Consequat Nec Mollis LLC,Dexter,Macias,Mauris@fringillaornare.co.uk,931-4312 Posuere Road,Macclesfield, test
Posuere Vulputate Lacus Institute,Kareem,Kaufman,Pellentesque.habitant@congue.org,331-6850 Turpis Avenue,Neusiedl am See, test
Nunc Associates,Cooper,Woodard,lacus@consequat.com,Ap #833-8553 Nam Street,Kakisa, test
Dui Cras Pellentesque Limited,Plato,Gibbs,eleifend.Cras.sed@malesuada.co.uk,853-6247 Nonummy St.,Yorkton, test
Ipsum LLP,Carlos,Horne,Donec.porttitor@ProindolorNulla.net,"P.O. Box 361, 6249 Libero. Av.",San Miguel, test
Cum Corporation,Brian,Newton,Fusce.dolor.quam@ametmetusAliquam.edu,457-8810 Justo. Road,Serralunga d'Alba, test
Lobortis Tellus Justo Industries,Quinn,Pate,aliquet@varius.ca,"Ap #131-6013 Auctor, Rd.",Amravati, test
Vitae Dolor Donec Corporation,Slade,Talley,venenatis.a@Donec.org,478 Sagittis. St.,Casper, test
Porttitor Tellus Non Incorporated,Armand,Franco,Nam@mauris.co.uk,Ap #682-2065 Sollicitudin Avenue,Sant'Elpidio a Mare, test